A Ashish Reddy,3
A Chandila,0
A Chopra,0
A Flintoff,0
A Kumble,0
A Mishra,3
A Mithun,0
A Mukund,0
A Nehra,0
A Singh,0
A Symonds,2
A Uniyal,0
A Zampa,0
AA Bilakhia,0
AA Chavan,0
AA Jhunjhunwala,0
AA Noffke,0
AB Agarkar,0
AB Barath,0
AB Dinda,0
AB McDonald,0
AB de Villiers,1
AC Blizzard,0
AC Gilchrist,4
AC Thomas,0
AC Voges,0
AD Mascarenhas,0
AD Mathews,3
AD Nath,0
AD Russell,3
AG Murtaza,0
AG Paunikar,0
AJ Finch,2
AL Menaria,3
AM Nayar,3
AM Rahane,4
AN Ahmed,0
AN Ghosh,0
AP Dole,0
AP Majumdar,0
AP Tare,3
AR Patel,3
AS Rajpoot,0
AS Raut,0
AS Yadav,0
AT Rayudu,4
AUK Pathan,0
Abdur Razzak,0
Anirudh Singh,0
Ankit Sharma,0
Anureet Singh,0
Azhar Mahmood,3
B Akhil,0
B Chipli,3
B Kumar,0
B Laughlin,0
B Lee,0
B Sumanth,0
BA Bhatt,0
BAW Mendis,0
BB McCullum,4
BB Samantray,0
BB Sran,0
BCJ Cutting,0
BE Hendricks,0
BJ Haddin,0
BJ Hodge,2
BJ Rohrer,0
BMAJ Mendis,0
BR Dunk,0
Bipul Sharma,0
C Madan,0
C Munro,0
C Nanda,0
CA Ingram,0
CA Lynn,0
CA Pujara,3
CH Gayle,1
CH Morris,3
CJ Anderson,3
CJ Ferguson,0
CJ Jordan,0
CJ McKay,0
CK Kapugedera,0
CK Langeveldt,0
CL White,2
CM Gautam,0
CR Brathwaite,0
CRD Fernando,0
D Kalyankrishna,0
D Salunkhe,0
D Wiese,0
D du Preez,0
DA Miller,2
DA Warner,1
DAJ Bracewell,0
DB Das,3
DB Ravi Teja,3
DE Bollinger,0
DH Yagnik,0
DJ Bravo,2
DJ Harris,0
DJ Hooda,3
DJ Hussey,2
DJ Jacobs,0
DJ Muthuswami,0
DJ Thornely,0
DJG Sammy,3
DL Vettori,0
DNT Zoysa,0
DP Nannes,0
DP Vijaykumar,0
DPMD Jayawardene,4
DR Martyn,0
DR Smith,4
DS Kulkarni,0
DS Lehmann,0
DT Christian,3
DT Patil,0
DW Steyn,0
EJG Morgan,3
ER Dwivedi,0
F Behardien,0
F du Plessis,2
FH Edwards,0
FY Fazal,0
G Gambhir,1
GB Hogg,0
GC Smith,3
GD McGrath,0
GH Vihari,3
GJ Bailey,3
GJ Maxwell,2
GR Napier,0
Gurkeerat Singh,3
H Das,0
HH Gibbs,2
HH Pandya,0
HM Amla,0
HV Patel,0
Harbhajan Singh,3
Harmeet Singh,0
Harpreet Singh,0
I Malhotra,0
I Sharma,0
IC Pandey,0
IK Pathan,2
IR Jaggi,0
Imran Tahir,0
Iqbal Abdulla,0
Ishan Kishan,0
J Arunkumar,0
J Botha,3
J Suchith,0
J Syed Mohammad,0
J Theron,0
J Yadav,0
JA Morkel,2
JC Buttler,0
JD Ryder,3
JD Unadkat,0
JDP Oram,0
JDS Neesham,0
JE Taylor,0
JEC Franklin,3
JH Kallis,4
JJ Bumrah,0
JJ van der Wath,0
JM Kemp,0
JO Holder,0
JP Duminy,4
JP Faulkner,3
JR Hopes,3
Jaskaran Singh,0
Joginder Sharma,0
K Goel,0
K Upadhyay,0
KA Pollard,4
KAJ Roach,0
KB Arun Karthik,0
KC Cariappa,0
KC Sangakkara,2
KD Karthik,4
KH Pandya,0
KJ Abbott,0
KK Cooper,0
KK Nair,2
KL Rahul,3
KM Jadhav,3
KMDN Kulasekara,0
KP Appanna,0
KP Pietersen,2
KS Williamson,0
KV Sharma,3
KW Richardson,0
Kamran Akmal,0
Kamran Khan,0
Karanveer Singh,0
L Ablish,0
L Balaji,0
L Ronchi,0
LA Carseldine,0
LA Pomersbach,3
LJ Wright,0
LMP Simmons,2
LPC Silva,0
LR Shukla,3
LRPL Taylor,2
M Ashwin,0
M Kaif,0
M Kartik,0
M Klinger,0
M Manhas,3
M Morkel,0
M Muralitharan,0
M Ntini,0
M Rawat,0
M Vijay,4
M Vohra,3
M de Lange,0
MA Agarwal,3
MA Khote,0
MA Starc,0
MC Henriques,3
MC Juneja,0
MD Mishra,0
MDKJ Perera,0
MEK Hussey,4
MF Maharoof,0
MG Johnson,0
MJ Clarke,0
MJ Guptill,0
MJ Lumb,3
MJ McClenaghan,0
MK Pandey,4
MK Tiwary,2
ML Hayden,2
MM Patel,0
MM Sharma,0
MN Samuels,0
MN van Wyk,0
MP Stoinis,0
MR Marsh,0
MS Bisla,3
MS Dhoni,1
MS Gony,0
MS Wade,0
MV Boucher,3
Mandeep Singh,2
Mashrafe Mortaza,0
Misbah-ul-Haq,0
Mohammad Ashraful,0
Mohammad Asif,0
Mohammad Hafeez,0
Mohammed Shami,0
N Rana,0
N Saini,0
ND Doshi,0
NJ Maddinson,0
NJ Rimmington,0
NK Patel,0
NL McCullum,0
NLTC Perera,3
NM Coulter-Nile,0
NS Naik,0
NV Ojha,2
OA Shah,3
P Awana,0
P Dogra,0
P Kumar,3
P Negi,0
P Parameswaran,0
P Sahu,0
PA Patel,4
PA Reddy,0
PC Valthaty,3
PD Collingwood,0
PJ Cummins,0
PJ Sangwan,0
PM Sarvesh Kumar,0
PP Chawla,3
PP Ojha,0
PR Shah,0
PSP Handscomb,0
PV Tambe,0
Pankaj Singh,0
Parvez Rasool,0
Q de Kock,3
R Ashwin,0
R Bhatia,3
R Bishnoi,0
R Dhawan,0
R Dravid,4
R McLaren,0
R Ninan,0
R Rampaul,0
R Sathish,3
R Sharma,0
R Shukla,0
R Tewatia,0
R Vinay Kumar,3
RA Jadeja,2
RE Levi,0
RE van der Merwe,0
RG More,0
RG Sharma,1
RJ Harris,0
RJ Peterson,0
RJ Quiney,0
RN ten Doeschate,3
RP Singh,0
RR Bhatkal,0
RR Pant,0
RR Powar,0
RR Raje,0
RR Rossouw,0
RR Sarwan,0
RS Bopara,3
RS Gavaskar,0
RS Sodhi,0
RT Ponting,0
RV Gomez,0
RV Uthappa,1
S Anirudha,0
S Aravind,0
S Badrinath,2
S Chanderpaul,0
S Dhawan,1
S Gopal,0
S Kaul,0
S Kaushik,0
S Ladda,0
S Nadeem,0
S Narwal,0
S Rana,0
S Randiv,0
S Sohal,3
S Sreesanth,0
S Sriram,0
S Tyagi,0
S Vidyut,0
SA Abbott,0
SA Asnodkar,3
SA Yadav,3
SB Bangar,0
SB Jakati,0
SB Joshi,0
SB Styris,0
SB Wagh,0
SC Ganguly,2
SD Chitnis,0
SE Bond,0
SE Marsh,4
SJ Srivastava,0
SK Raina,1
SK Trivedi,0
SK Warne,0
SL Malinga,0
SM Harwood,0
SM Katich,0
SM Pollock,0
SMSM Senanayake,0
SN Khan,0
SN Thakur,0
SP Fleming,0
SP Goswami,0
SP Narine,0
SPD Smith,2
SR Tendulkar,4
SR Watson,4
SS Iyer,3
SS Shaikh,0
SS Tiwary,2
ST Jayasuriya,3
STR Binny,3
SV Samson,2
SW Billings,0
SW Tait,0
Sachin Baby,0
Salman Butt,0
Sandeep Sharma,0
Sandeep Sharma (1),0
Shahid Afridi,0
Shakib Al Hasan,3
Shivam Sharma,0
Shoaib Ahmed,0
Shoaib Akhtar,0
Shoaib Malik,0
Sohail Tanvir,0
Sunny Gupta,0
Sunny Singh,0
Swapnil Singh,0
T Henderson,0
T Kohli,0
T Taibu,0
T Thushara,0
TD Paine,0
TG Southee,0
TL Suman,3
TM Dilshan,2
TM Head,0
TM Srivastava,0
TR Birt,0
U Kaul,0
UA Birla,0
UBT Chand,3
UT Khawaja,0
UT Yadav,0
Umar Gul,0
V Kohli,1
V Pratap Singh,0
V Sehwag,4
VH Zol,0
VR Aaron,0
VRV Singh,0
VS Malik,0
VS Yeligati,0
VVS Laxman,3
VY Mahesh,0
W Jaffer,0
WA Mota,0
WD Parnell,0
WP Saha,2
WPUJC Vaas,0
X Thalaivan Sargunam,0
Y Gnaneswara Rao,0
Y Nagar,3
Y Venugopal Rao,2
YA Abdulla,0
YK Pathan,4
YS Chahal,0
YV Takawale,0
Yashpal Singh,0
Younis Khan,0
Yuvraj Singh,4
Z Khan,0
