M Kartik,3
M Manhas,0
M Morkel,2
M Muralitharan,2
M Ntini,3
M Vijay,0
M de Lange,3
MA Khote,2
MA Starc,2
MB Parmar,0
MC Henriques,2
MF Maharoof,2
MG Johnson,2
MG Neser,0
MJ Clarke,3
MJ McClenaghan,2
MK Tiwary,4
MM Patel,2
MM Sharma,2
MN Samuels,2
MP Stoinis,2
MR Marsh,2
MS Gony,3
Mashrafe Mortaza,0
Mohammad Asif,3
Mohammad Hafeez,3
Mohammed Shami,4
Mustafizur Rahman,2
N Rana,0
ND Doshi,3
NJ Rimmington,0
NL McCullum,0
NLTC Perera,3
NM Coulter-Nile,2
P Amarnath,2
P Awana,2
P Kumar,3
P Negi,3
P Parameswaran,2
P Prasanth,0
P Sahu,3
P Suyal,4
PC Valthaty,2
PD Collingwood,2
PJ Cummins,4
PJ Sangwan,3
PM Sarvesh Kumar,3
PP Chawla,2
PP Ojha,2
PV Tambe,2
Pankaj Singh,3
Parvez Rasool,4
R Ashwin,2
R Bhatia,2
R Dhawan,3
R McLaren,3
R Ninan,2
R Rampaul,2
R Sathish,4
R Sharma,2
R Shukla,3
R Tewatia,2
R Vinay Kumar,2
RA Jadeja,2
RA Shaikh,0
RE van der Merwe,2
RG More,4
RG Sharma,2
RJ Harris,2
RJ Peterson,2
RN ten Doeschate,3
RP Singh,2
RR Bhatkal,0
RR Bose,0
RR Powar,3
RR Raje,3
RS Bopara,2
RS Gavaskar,0
RV Gomez,2
RW Price,0
S Aravind,2
S Badree,4
S Dhawan,2
S Gopal,2
S Kaul,3
S Kaushik,3
S Ladda,3
S Nadeem,3
S Narwal,3
S Rana,0
S Randiv,3
S Sreesanth,3
S Sriram,0
S Tyagi,3
S Vidyut,2
SA Abbott,0
SA Yadav,0
SB Bangar,4
SB Jakati,2
SB Joshi,1
SB Styris,3
SB Wagh,2
SC Ganguly,3
SD Chitnis,2
SE Bond,2
SJ Srivastava,2
SK Raina,3
SK Trivedi,2
SK Warne,2
SL Malinga,2
SM Boland,2
SM Harwood,2
SM Pollock,2
SMSM Senanayake,2
SN Thakur,3
SP Narine,2
SPD Smith,0
SR Tendulkar,0
SR Watson,2
SS Mundhe,2
SS Sarkar,3
ST Jayasuriya,2
STR Binny,3
SW Tait,2
Sachin Baby,2
Sandeep Sharma,2
Sandeep Sharma (1),2
Shahid Afridi,2
Shakib Al Hasan,2
Shami Ahmed,4
Shivam Sharma,3
Shoaib Ahmed,2
Shoaib Akhtar,2
Shoaib Malik,3
Sohail Tanvir,2
Sunny Gupta,0
Swapnil Singh,0
T Henderson,3
T Shamsi,3
T Thushara,2
TA Boult,2
TG Southee,3
TL Suman,3
TM Dilshan,4
TP Sudhindra,1
UT Yadav,2
Umar Gul,2
V Kohli,1
V Pratap Singh,2
V Sehwag,3
V Shankar,0
VR Aaron,3
VRV Singh,3
VS Malik,3
VS Yeligati,0
VY Mahesh,2
WA Mota,2
WD Parnell,2
WPUJC Vaas,2
Y Gnaneswara Rao,0
Y Nagar,2
Y Venugopal Rao,4
YA Abdulla,2
YK Pathan,3
YS Chahal,2
Yuvraj Singh,2
Z Khan,2
A Ashish Reddy,2
A Chandila,2
A Flintoff,3
A Kumble,2
A Mishra,2
A Mithun,4
A Nehra,2
A Nel,2
A Singh,2
A Symonds,3
A Uniyal,2
A Zampa,2
AA Chavan,3
AA Jhunjhunwala,1
AA Kazi,0
AA Noffke,3
AB Agarkar,3
AB Dinda,2
AB McDonald,2
AC Gilchrist,2
AC Thomas,2
AC Voges,0
AD Mascarenhas,2
AD Mathews,3
AD Russell,2
AF Milne,3
AG Murtaza,3
AJ Finch,4
AL Menaria,3
AM Nayar,3
AM Rahane,2
AM Salvi,2
AN Ahmed,3
AP Dole,2
AR Patel,2
AS Rajpoot,3
AS Raut,0
AUK Pathan,0
Abdur Razzak,0
Anand Rajan,2
Ankit Sharma,3
Anureet Singh,3
Azhar Mahmood,2
B Akhil,3
B Brainder Sran,0
B Chipli,0
B Geeves,1
B Kumar,2
B Laughlin,4
B Lee,3
BA Bhatt,3
BAW Mendis,3
BB Sran,2
BCJ Cutting,2
BE Hendricks,2
BJ Hodge,2
BJ Rohrer,0
BMAJ Mendis,3
BW Hilfenhaus,2
Bipul Sharma,3
C Ganapathy,0
C Munro,0
C Nanda,2
CH Gayle,3
CH Morris,2
CJ Anderson,3
CJ Jordan,2
CJ McKay,4
CK Kapugedera,0
CK Langeveldt,2
CL White,1
CR Brathwaite,2
CRD Fernando,2
D Kalyankrishna,3
D Salunkhe,4
D Wiese,2
D du Preez,2
DAJ Bracewell,2
DB Ravi Teja,2
DE Bollinger,2
DJ Bravo,2
DJ Harris,0
DJ Hooda,4
DJ Hussey,4
DJ Muthuswami,2
DJ Thornely,2
DJG Sammy,2
DL Chahar,0
DL Vettori,3
DNT Zoysa,3
DP Nannes,2
DP Vijaykumar,3
DR Smith,2
DS Kulkarni,2
DT Christian,3
DW Steyn,2
F du Plessis,0
FH Edwards,3
FY Fazal,0
GB Hogg,2
GD McGrath,3
GH Vihari,3
GJ Maxwell,1
GR Napier,2
GS Sandhu,1
Gagandeep Singh,3
Gurkeerat Singh,2
HH Pandya,1
HV Patel,2
Harbhajan Singh,2
Harmeet Singh,2
I Malhotra,0
I Sharma,3
IC Pandey,3
IK Pathan,3
Imran Tahir,2
Iqbal Abdulla,2
J Botha,3
J Suchith,3
J Syed Mohammad,3
J Theron,2
J Yadav,3
JA Morkel,2
JD Ryder,3
JD Unadkat,2
JDP Oram,3
JDS Neesham,1
JE Taylor,2
JEC Franklin,2
JH Kallis,3
JJ Bumrah,3
JJ van der Wath,3
JM Kemp,2
JO Holder,4
JP Duminy,3
JP Faulkner,2
JR Hopes,3
JW Hastings,2
Jaskaran Singh,2
Joginder Sharma,3
K Goel,0
K Santokie,2
K Upadhyay,0
KA Pollard,2
KAJ Roach,0
KC Cariappa,3
KH Pandya,3
KJ Abbott,1
KK Cooper,2
KMDN Kulasekara,2
KP Appanna,3
KP Pietersen,3
KS Williamson,0
KV Sharma,2
KW Richardson,2
Kamran Khan,2
Karanveer Singh,2
Kuldeep Yadav,2
L Ablish,2
L Balaji,2
LA Carseldine,2
LJ Wright,4
LMP Simmons,2
LPC Silva,0
LR Shukla,2
LRPL Taylor,0
M Ashwin,3
